Workbook

Sheet 発注明細
A1: 発注日 | B1: 発注No | C1: 月 | D1: 部署 | E1: 品目区分 | F1: 品名 | G1: 数量 | H1: 単価 | I1: 金額 | J1: 仕入先 | K1: 申請者
A2: 46113 | B2: PO-202604-001 | C2: =MONTH(A2)&"月" -> 4月 | D2: 総務部 | E2: OA機器 | F2: USB-C ハブ 7in1 | G2: 6 | H2: 4980 | I2: =G2*H2 -> 29880 | J2: サンプル物産 | K2: 藤代 咲良
A3: 46113 | B3: PO-202604-002 | C3: =MONTH(A3)&"月" -> 4月 | D3: マーケティング部 | E3: 衛生・飲料 | F3: 紙コップ 7oz 1000個 | G3: 2 | H3: 3150 | I3: =G3*H3 -> 6300 | J3: ネット通販 | K3: 千葉 陽菜
A4: 46113 | B4: PO-202604-003 | C4: =MONTH(A4)&"月" -> 4月 | D4: 経理部 | E4: 衛生・飲料 | F4: ミネラルウォーター 500ml 24本 | G4: 6 | H4: 1980 | I4: =G4*H4 -> 11880 | J4: サンプル商事 | K4: 神谷 美月
A5: 46114 | B5: PO-202604-004 | C5: =MONTH(A5)&"月" -> 4月 | D5: 開発部 | E5: OA機器 | F5: ノートPCスタンド | G5: 2 | H5: 3980 | I5: =G5*H5 -> 7960 | J5: サンプル物産 | K5: 桜庭 芽衣
A6: 46115 | B6: PO-202604-005 | C6: =MONTH(A6)&"月" -> 4月 | D6: 総務部 | E6: 事務用品 | F6: ボールペン 黒 0.5mm 10本入 | G6: 5 | H6: 680 | I6: =G6*H6 -> 3400 | J6: ネット通販 | K6: 藤代 咲良
A7: 46115 | B7: PO-202604-006 | C7: =MONTH(A7)&"月" -> 4月 | D7: 経理部 | E7: 消耗品 | F7: トナー 黒 大容量 | G7: 1 | H7: 18900 | I7: =G7*H7 -> 18900 | J7: サンプル商事 | K7: 神谷 美月
A8: 46118 | B8: PO-202604-007 | C8: =MONTH(A8)&"月" -> 4月 | D8: 営業部 | E8: OA機器 | F8: Webカメラ フルHD | G8: 10 | H8: 6480 | I8: =G8*H8 -> 64800 | J8: サンプル物産 | K8: 星野 陸
A9: 46118 | B9: PO-202604-008 | C9: =MONTH(A9)&"月" -> 4月 | D9: 企画部 | E9: OA機器 | F9: ノートPCスタンド | G9: 5 | H9: 3980 | I9: =G9*H9 -> 19900 | J9: サンプル商事 | K9: 白石 結衣
A10: 46118 | B10: PO-202604-009 | C10: =MONTH(A10)&"月" -> 4月 | D10: 営業部 | E10: 消耗品 | F10: トナー 黒 大容量 | G10: 1 | H10: 18900 | I10: =G10*H10 -> 18900 | J10: サンプル商事 | K10: 星野 陸
A11: 46119 | B11: PO-202604-010 | C11: =MONTH(A11)&"月" -> 4月 | D11: 総務部 | E11: 事務用品 | F11: クリアファイル A4 100枚 | G11: 1 | H11: 1320 | I11: =G11*H11 -> 1320 | J11: サンプル物産 | K11: 藤代 咲良
A12: 46119 | B12: PO-202604-011 | C12: =MONTH(A12)&"月" -> 4月 | D12: 営業部 | E12: 事務用品 | F12: ファイルボックス A4 5個 | G12: 10 | H12: 1650 | I12: =G12*H12 -> 16500 | J12: ネット通販 | K12: 星野 陸
A13: 46119 | B13: PO-202604-012 | C13: =MONTH(A13)&"月" -> 4月 | D13: 総務部 | E13: 衛生・飲料 | F13: ミネラルウォーター 500ml 24本 | G13: 5 | H13: 1980 | I13: =G13*H13 -> 9900 | J13: サンプル商事 | K13: 藤代 咲良
... A215: 46283 | B215: PO-202609-020 | C215: =MONTH(A215)&"月" -> 9月 | D215: 営業部 | E215: 事務用品 | F215: クリアファイル A4 100枚 | G215: 4 | H215: 1320 | I215: =G215*H215 -> 5280 | J215: ネット通販 | K215: 星野 陸

Sheet 予算比
A1: 部署別 備品購入 予算比（2026年度 上期）
A2: 実績は「発注明細」から自動集計（SUMIFS）。月予算（青字）は総務部で設定した値。9月は18日発注分まで
A4: 実績（円）
A5: 部署 | B5: 月予算 | C5: 4月 | D5: 5月 | E5: 6月 | F5: 7月 | G5: 8月 | H5: 9月 | I5: 上期計
A6: 総務部 | B6: 70000 | C6: =SUMIFS(発注明細!$I:$I,発注明細!$D:$D,$A6,発注明細!$C:$C,C$5) -> 162500 | D6: =SUMIFS(発注明細!$I:$I,発注明細!$D:$D,$A6,発注明細!$C:$C,D$5) -> 78000 | E6: =SUMIFS(発注明細!$I:$I,発注明細!$D:$D,$A6,発注明細!$C:$C,E$5) -> 62860 | F6: =SUMIFS(発注明細!$I:$I,発注明細!$D:$D,$A6,発注明細!$C:$C,F$5) -> 87870 | G6: =SUMIFS(発注明細!$I:$I,発注明細!$D:$D,$A6,発注明細!$C:$C,G$5) -> 106340 | H6: =SUMIFS(発注明細!$I:$I,発注明細!$D:$D,$A6,発注明細!$C:$C,H$5) -> 29880 | I6: =SUM(C6:H6) -> 527450
A7: 営業部 | B7: 120000 | C7: =SUMIFS(発注明細!$I:$I,発注明細!$D:$D,$A7,発注明細!$C:$C,C$5) -> 204860 | D7: =SUMIFS(発注明細!$I:$I,発注明細!$D:$D,$A7,発注明細!$C:$C,D$5) -> 82880 | E7: =SUMIFS(発注明細!$I:$I,発注明細!$D:$D,$A7,発注明細!$C:$C,E$5) -> 126200 | F7: =SUMIFS(発注明細!$I:$I,発注明細!$D:$D,$A7,発注明細!$C:$C,F$5) -> 155210 | G7: =SUMIFS(発注明細!$I:$I,発注明細!$D:$D,$A7,発注明細!$C:$C,G$5) -> 68960 | H7: =SUMIFS(発注明細!$I:$I,発注明細!$D:$D,$A7,発注明細!$C:$C,H$5) -> 29040 | I7: =SUM(C7:H7) -> 667150
A8: 開発部 | B8: 70000 | C8: =SUMIFS(発注明細!$I:$I,発注明細!$D:$D,$A8,発注明細!$C:$C,C$5) -> 64480 | D8: =SUMIFS(発注明細!$I:$I,発注明細!$D:$D,$A8,発注明細!$C:$C,D$5) -> 214400 | E8: =SUMIFS(発注明細!$I:$I,発注明細!$D:$D,$A8,発注明細!$C:$C,E$5) -> 129720 | F8: =SUMIFS(発注明細!$I:$I,発注明細!$D:$D,$A8,発注明細!$C:$C,F$5) -> 180210 | G8: =SUMIFS(発注明細!$I:$I,発注明細!$D:$D,$A8,発注明細!$C:$C,G$5) -> 131300 | H8: =SUMIFS(発注明細!$I:$I,発注明細!$D:$D,$A8,発注明細!$C:$C,H$5) -> 12090 | I8: =SUM(C8:H8) -> 732200
A9: 人事部 | B9: 70000 | C9: =SUMIFS(発注明細!$I:$I,発注明細!$D:$D,$A9,発注明細!$C:$C,C$5) -> 19800 | D9: =SUMIFS(発注明細!$I:$I,発注明細!$D:$D,$A9,発注明細!$C:$C,D$5) -> 67280 | E9: =SUMIFS(発注明細!$I:$I,発注明細!$D:$D,$A9,発注明細!$C:$C,E$5) -> 17080 | F9: =SUMIFS(発注明細!$I:$I,発注明細!$D:$D,$A9,発注明細!$C:$C,F$5) -> 65820 | G9: =SUMIFS(発注明細!$I:$I,発注明細!$D:$D,$A9,発注明細!$C:$C,G$5) -> 4960 | H9: =SUMIFS(発注明細!$I:$I,発注明細!$D:$D,$A9,発注明細!$C:$C,H$5) -> 80300 | I9: =SUM(C9:H9) -> 255240
A10: 経理部 | B10: 60000 | C10: =SUMIFS(発注明細!$I:$I,発注明細!$D:$D,$A10,発注明細!$C:$C,C$5) -> 62880 | D10: =SUMIFS(発注明細!$I:$I,発注明細!$D:$D,$A10,発注明細!$C:$C,D$5) -> 9360 | E10: =SUMIFS(発注明細!$I:$I,発注明細!$D:$D,$A10,発注明細!$C:$C,E$5) -> 135100 | F10: =SUMIFS(発注明細!$I:$I,発注明細!$D:$D,$A10,発注明細!$C:$C,F$5) -> 39040 | G10: =SUMIFS(発注明細!$I:$I,発注明細!$D:$D,$A10,発注明細!$C:$C,G$5) -> 36480 | H10: =SUMIFS(発注明細!$I:$I,発注明細!$D:$D,$A10,発注明細!$C:$C,H$5) -> 29880 | I10: =SUM(C10:H10) -> 312740
A11: マーケティング部 | B11: 60000 | C11: =SUMIFS(発注明細!$I:$I,発注明細!$D:$D,$A11,発注明細!$C:$C,C$5) -> 41070 | D11: =SUMIFS(発注明細!$I:$I,発注明細!$D:$D,$A11,発注明細!$C:$C,D$5) -> 133980 | E11: =SUMIFS(発注明細!$I:$I,発注明細!$D:$D,$A11,発注明細!$C:$C,E$5) -> 16590 | F11: =SUMIFS(発注明細!$I:$I,発注明細!$D:$D,$A11,発注明細!$C:$C,F$5) -> 24600 | G11: =SUMIFS(発注明細!$I:$I,発注明細!$D:$D,$A11,発注明細!$C:$C,G$5) -> 11420 | H11: =SUMIFS(発注明細!$I:$I,発注明細!$D:$D,$A11,発注明細!$C:$C,H$5) -> 29300 | I11: =SUM(C11:H11) -> 256960
A12: 情報システム部 | B12: 50000 | C12: =SUMIFS(発注明細!$I:$I,発注明細!$D:$D,$A12,発注明細!$C:$C,C$5) -> 73320 | D12: =SUMIFS(発注明細!$I:$I,発注明細!$D:$D,$A12,発注明細!$C:$C,D$5) -> 68580 | E12: =SUMIFS(発注明細!$I:$I,発注明細!$D:$D,$A12,発注明細!$C:$C,E$5) -> 16920 | F12: =SUMIFS(発注明細!$I:$I,発注明細!$D:$D,$A12,発注明細!$C:$C,F$5) -> 52840 | G12: =SUMIFS(発注明細!$I:$I,発注明細!$D:$D,$A12,発注明細!$C:$C,G$5) -> 35380 | H12: =SUMIFS(発注明細!$I:$I,発注明細!$D:$D,$A12,発注明細!$C:$C,H$5) -> 18900 | I12: =SUM(C12:H12) -> 265940
A13: 企画部 | B13: 55000 | C13: =SUMIFS(発注明細!$I:$I,発注明細!$D:$D,$A13,発注明細!$C:$C,C$5) -> 40720 | D13: =SUMIFS(発注明細!$I:$I,発注明細!$D:$D,$A13,発注明細!$C:$C,D$5) -> 26520 | E13: =SUMIFS(発注明細!$I:$I,発注明細!$D:$D,$A13,発注明細!$C:$C,E$5) -> 420 | F13: =SUMIFS(発注明細!$I:$I,発注明細!$D:$D,$A13,発注明細!$C:$C,F$5) -> 21300 | G13: =SUMIFS(発注明細!$I:$I,発注明細!$D:$D,$A13,発注明細!$C:$C,G$5) -> 173890 | H13: =SUMIFS(発注明細!$I:$I,発注明細!$D:$D,$A13,発注明細!$C:$C,H$5) -> 45760 | I13: =SUM(C13:H13) -> 308610
A14: 合計 | B14: =SUM(B6:B13) -> 555000 | C14: =SUM(C6:C13) -> 669630 | D14: =SUM(D6:D13) -> 681000 | E14: =SUM(E6:E13) -> 504890 | F14: =SUM(F6:F13) -> 626890 | G14: =SUM(G6:G13) -> 568730 | H14: =SUM(H6:H13) -> 275150 | I14: =SUM(I6:I13) -> 3326290
A16: 予算比（実績 ÷ 月予算）
A17: 部署 | C17: 4月 | D17: 5月 | E17: 6月 | F17: 7月 | G17: 8月 | H17: 9月 | I17: 上期平均
A18: =A6 -> 総務部 | C18: =IF($B$6=0,0,C6/$B$6) -> 2.3214286 | D18: =IF($B$6=0,0,D6/$B$6) -> 1.1142857 | E18: =IF($B$6=0,0,E6/$B$6) -> 0.898 | F18: =IF($B$6=0,0,F6/$B$6) -> 1.2552857 | G18: =IF($B$6=0,0,G6/$B$6) -> 1.5191429 | H18: =IF($B$6=0,0,H6/$B$6) -> 0.42685714 | I18: =AVERAGE(C18:H18) -> 1.2558333
A19: =A7 -> 営業部 | C19: =IF($B$7=0,0,C7/$B$7) -> 1.7071667 | D19: =IF($B$7=0,0,D7/$B$7) -> 0.69066667 | E19: =IF($B$7=0,0,E7/$B$7) -> 1.0516667 | F19: =IF($B$7=0,0,F7/$B$7) -> 1.2934167 | G19: =IF($B$7=0,0,G7/$B$7) -> 0.57466667 | H19: =IF($B$7=0,0,H7/$B$7) -> 0.242 | I19: =AVERAGE(C19:H19) -> 0.92659722
A20: =A8 -> 開発部 | C20: =IF($B$8=0,0,C8/$B$8) -> 0.92114286 | D20: =IF($B$8=0,0,D8/$B$8) -> 3.0628571 | E20: =IF($B$8=0,0,E8/$B$8) -> 1.8531429 | F20: =IF($B$8=0,0,F8/$B$8) -> 2.5744286 | G20: =IF($B$8=0,0,G8/$B$8) -> 1.8757143 | H20: =IF($B$8=0,0,H8/$B$8) -> 0.17271429 | I20: =AVERAGE(C20:H20) -> 1.7433333
A21: =A9 -> 人事部 | C21: =IF($B$9=0,0,C9/$B$9) -> 0.28285714 | D21: =IF($B$9=0,0,D9/$B$9) -> 0.96114286 | E21: =IF($B$9=0,0,E9/$B$9) -> 0.244 | F21: =IF($B$9=0,0,F9/$B$9) -> 0.94028571 | G21: =IF($B$9=0,0,G9/$B$9) -> 0.070857143 | H21: =IF($B$9=0,0,H9/$B$9) -> 1.1471429 | I21: =AVERAGE(C21:H21) -> 0.60771429
A22: =A10 -> 経理部 | C22: =IF($B$10=0,0,C10/$B$10) -> 1.048 | D22: =IF($B$10=0,0,D10/$B$10) -> 0.156 | E22: =IF($B$10=0,0,E10/$B$10) -> 2.2516667 | F22: =IF($B$10=0,0,F10/$B$10) -> 0.65066667 | G22: =IF($B$10=0,0,G10/$B$10) -> 0.608 | H22: =IF($B$10=0,0,H10/$B$10) -> 0.498 | I22: =AVERAGE(C22:H22) -> 0.86872222
A23: =A11 -> マーケティング部 | C23: =IF($B$11=0,0,C11/$B$11) -> 0.6845 | D23: =IF($B$11=0,0,D11/$B$11) -> 2.233 | E23: =IF($B$11=0,0,E11/$B$11) -> 0.2765 | F23: =IF($B$11=0,0,F11/$B$11) -> 0.41 | G23: =IF($B$11=0,0,G11/$B$11) -> 0.19033333 | H23: =IF($B$11=0,0,H11/$B$11) -> 0.48833333 | I23: =AVERAGE(C23:H23) -> 0.71377778
A24: =A12 -> 情報システム部 | C24: =IF($B$12=0,0,C12/$B$12) -> 1.4664 | D24: =IF($B$12=0,0,D12/$B$12) -> 1.3716 | E24: =IF($B$12=0,0,E12/$B$12) -> 0.3384 | F24: =IF($B$12=0,0,F12/$B$12) -> 1.0568 | G24: =IF($B$12=0,0,G12/$B$12) -> 0.7076 | H24: =IF($B$12=0,0,H12/$B$12) -> 0.378 | I24: =AVERAGE(C24:H24) -> 0.88646667
A25: =A13 -> 企画部 | C25: =IF($B$13=0,0,C13/$B$13) -> 0.74036364 | D25: =IF($B$13=0,0,D13/$B$13) -> 0.48218182 | E25: =IF($B$13=0,0,E13/$B$13) -> 0.0076363636 | F25: =IF($B$13=0,0,F13/$B$13) -> 0.38727273 | G25: =IF($B$13=0,0,G13/$B$13) -> 3.1616364 | H25: =IF($B$13=0,0,H13/$B$13) -> 0.832 | I25: =AVERAGE(C25:H25) -> 0.93518182
